Week,Keyword status,Keyword,Campaign,Ad group,Currency code,Status,Policy details,Final URL,Mobile final URL,Impr.,CTR,Cost,Clicks,Conv. rate,Conversions,Avg. CPC,Cost / conv.
11/4/19,Enabled, +cuenta +bancaria para jovenes,cuenta-digital_brand,Cuenta_bancaria_joven_bro,MXN,Eligible,Approved,,,0,0,0,0,0,0,0,0
11/11/19,Enabled, +cuenta +bancaria para jovenes,cuenta-digital_brand,Cuenta_bancaria_joven_bro,MXN,Eligible,Approved,,,0,0,0,0,0,0,0,0
11/18/19,Enabled, +cuenta +bancaria para jovenes,cuenta-digital_brand,Cuenta_bancaria_joven_bro,MXN,Eligible,Approved,,,115,0.0957,167.21,11,0,0,15.2,0
12/16/19,Enabled, +cuenta +bancaria para jovenes,cuenta-digital_brand,Cuenta_bancaria_joven_bro,MXN,Eligible,Approved,,,35,0.0857,25.99,3,0,0,8.66,0
1/6/20,Enabled, +cuenta +bancaria para jovenes,cuenta-digital_brand,Cuenta_bancaria_joven_bro,MXN,Eligible,Approved,,,38,0.1316,17.49,5,0.2,1,3.5,17.49
11/11/19,Enabled,cuentadigital santander com mx,cuenta-digital_brand,Cuenta_Digital_brand_bro,MXN,Eligible,Approved,,,0,0,0,0,0,0,0,0
11/18/19,Enabled,cuentadigital santander com mx,cuenta-digital_brand,Cuenta_Digital_brand_bro,MXN,Eligible,Approved,,,0,0,0,0,0,0,0,0
12/2/19,Enabled,cuentadigital santander com mx,cuenta-digital_brand,Cuenta_Digital_brand_bro,MXN,Eligible,Approved,,,0,0,0,0,0,0,0,0
12/16/19,Enabled,cuentadigital santander com mx,cuenta-digital_brand,Cuenta_Digital_brand_bro,MXN,Eligible,Approved,,,0,0,0,0,0,0,0,0
1/6/20,Enabled,cuentadigital santander com mx,cuenta-digital_brand,Cuenta_Digital_brand_bro,MXN,Eligible,Approved,,,2,1.5,0.24,3,0,0,0.08,0
1/13/20,Enabled,cuentadigital santander com mx,cuenta-digital_brand,Cuenta_Digital_brand_bro,MXN,Eligible,Approved,,,23,0.3913,15.51,9,0.6667,6,1.72,2.59
11/11/19,Enabled, +cuenta +joven,cuenta-digital_brand,Cuenta_bancaria_joven_bro,MXN,Eligible,Approved,,,0,0,0,0,0,0,0,0
12/16/19,Enabled, +cuenta +joven,cuenta-digital_brand,Cuenta_bancaria_joven_bro,MXN,Eligible,Approved,,,24,0.0833,7.8,2,0,0,3.9,0
10/28/19,Enabled, +cuenta joven +santander,cuenta-digital_brand,Cuenta_bancaria_joven_bro,MXN,Eligible,Approved,,,0,0,0,0,0,0,0,0
11/4/19,Enabled, +cuenta joven +santander,cuenta-digital_brand,Cuenta_bancaria_joven_bro,MXN,Eligible,Approved,,,0,0,0,0,0,0,0,0
11/25/19,Enabled, +cuenta joven +santander,cuenta-digital_brand,Cuenta_bancaria_joven_bro,MXN,Eligible,Approved,,,367,0.248,607.82,91,0.0659,6,6.68,101.3
12/2/19,Enabled, +cuenta joven +santander,cuenta-digital_brand,Cuenta_bancaria_joven_bro,MXN,Eligible,Approved,,,1763,0.2314,1512.69,408,0.0564,23,3.71,65.77
12/9/19,Enabled, +cuenta joven +santander,cuenta-digital_brand,Cuenta_bancaria_joven_bro,MXN,Eligible,Approved,,,1013,0.2596,1383.01,263,0.076,20,5.26,69.15
12/30/19,Enabled, +cuenta joven +santander,cuenta-digital_brand,Cuenta_bancaria_joven_bro,MXN,Eligible,Approved,,,623,0.2632,194.86,164,0.0854,14,1.19,13.92
1/6/20,Enabled, +cuenta joven +santander,cuenta-digital_brand,Cuenta_bancaria_joven_bro,MXN,Eligible,Approved,,,1032,0.2432,281.66,251,0.1195,30,1.12,9.39
1/13/20,Enabled, +cuenta joven +santander,cuenta-digital_brand,Cuenta_bancaria_joven_bro,MXN,Eligible,Approved,,,993,0.2709,396.11,269,0.119,32,1.47,12.38
10/28/19,Enabled,[cuenta bancaria para jovenes],cuenta-digital_brand,Cuenta_bancaria_joven_exa,MXN,Eligible,Approved,,,0,0,0,0,0,0,0,0
11/11/19,Enabled,[cuenta bancaria para jovenes],cuenta-digital_brand,Cuenta_bancaria_joven_exa,MXN,Eligible,Approved,,,0,0,0,0,0,0,0,0
11/18/19,Enabled,[cuenta bancaria para jovenes],cuenta-digital_brand,Cuenta_bancaria_joven_exa,MXN,Eligible,Approved,,,10,0.1,12.85,1,0,0,12.85,0
12/9/19,Enabled,[cuenta bancaria para jovenes],cuenta-digital_brand,Cuenta_bancaria_joven_exa,MXN,Eligible,Approved,,,9,0.1111,25.08,1,0,0,25.08,0
12/30/19,Enabled,[cuenta bancaria para jovenes],cuenta-digital_brand,Cuenta_bancaria_joven_exa,MXN,Eligible,Approved,,,1,0,0,0,0,0,0,0
1/13/20,Enabled,[cuenta bancaria para jovenes],cuenta-digital_brand,Cuenta_bancaria_joven_exa,MXN,Eligible,Approved,,,13,0,0,0,0,0,0,0
11/4/19,Enabled, +cuenta +superdigital,cuenta-digital_brand,Cuenta_Digital_brand_bro,MXN,Eligible,Approved,,,0,0,0,0,0,0,0,0
11/25/19,Enabled, +cuenta +superdigital,cuenta-digital_brand,Cuenta_Digital_brand_bro,MXN,Eligible,Approved,,,2,0,0,0,0,0,0,0
12/9/19,Enabled, +cuenta +superdigital,cuenta-digital_brand,Cuenta_Digital_brand_bro,MXN,Eligible,Approved,,,9,0.2222,12.51,2,0,0,6.26,0
12/23/19,Enabled, +cuenta +superdigital,cuenta-digital_brand,Cuenta_Digital_brand_bro,MXN,Eligible,Approved,,,3,0,0,0,0,0,0,0
12/30/19,Enabled, +cuenta +superdigital,cuenta-digital_brand,Cuenta_Digital_brand_bro,MXN,Eligible,Approved,,,0,0,0,0,0,0,0,0
10/28/19,Enabled,super cuenta digital santander,cuenta-digital_brand,Cuenta_Digital_brand_bro,MXN,Eligible,Approved,,,0,0,0,0,0,0,0,0
11/18/19,Enabled,super cuenta digital santander,cuenta-digital_brand,Cuenta_Digital_brand_bro,MXN,Eligible,Approved,,,0,0,0,0,0,0,0,0
11/25/19,Enabled,super cuenta digital santander,cuenta-digital_brand,Cuenta_Digital_brand_bro,MXN,Eligible,Approved,,,0,0,0,0,0,0,0,0
12/2/19,Enabled,super cuenta digital santander,cuenta-digital_brand,Cuenta_Digital_brand_bro,MXN,Eligible,Approved,,,0,0,0,0,0,0,0,0
12/16/19,Enabled,super cuenta digital santander,cuenta-digital_brand,Cuenta_Digital_brand_bro,MXN,Eligible,Approved,,,254,0.315,88.75,80,0.5125,41,1.11,2.16
1/6/20,Enabled,super cuenta digital santander,cuenta-digital_brand,Cuenta_Digital_brand_bro,MXN,Eligible,Approved,,,343,0.4023,122.19,138,0.3551,49,0.89,2.49
10/28/19,Enabled,cuenta digital santander com mx,cuenta-digital_brand,Cuenta_Digital_brand_bro,MXN,Eligible,Approved,,,0,0,0,0,0,0,0,0
11/18/19,Enabled,cuenta digital santander com mx,cuenta-digital_brand,Cuenta_Digital_brand_bro,MXN,Eligible,Approved,,,0,0,0,0,0,0,0,0
12/2/19,Enabled,cuenta digital santander com mx,cuenta-digital_brand,Cuenta_Digital_brand_bro,MXN,Eligible,Approved,,,0,0,0,0,0,0,0,0
12/9/19,Enabled,cuenta digital santander com mx,cuenta-digital_brand,Cuenta_Digital_brand_bro,MXN,Eligible,Approved,,,1,0,0,0,0,0,0,0
12/16/19,Enabled,cuenta digital santander com mx,cuenta-digital_brand,Cuenta_Digital_brand_bro,MXN,Eligible,Approved,,,16,0.0625,0.24,1,0,0,0.24,0
12/30/19,Enabled,cuenta digital santander com mx,cuenta-digital_brand,Cuenta_Digital_brand_bro,MXN,Eligible,Approved,,,16,0.375,5.06,6,0,0,0.84,0
1/6/20,Enabled,cuenta digital santander com mx,cuenta-digital_brand,Cuenta_Digital_brand_bro,MXN,Eligible,Approved,,,19,0.3158,12.74,6,0,0,2.12,0
1/13/20,Enabled,cuenta digital santander com mx,cuenta-digital_brand,Cuenta_Digital_brand_bro,MXN,Eligible,Approved,,,13,0.2308,2,3,1.6667,5,0.67,0.4
10/28/19,Enabled,[cuenta juvenil santander],cuenta-digital_brand,Cuenta_bancaria_joven_exa,MXN,Low search volume,Approved,,,0,0,0,0,0,0,0,0
11/18/19,Enabled,[cuenta juvenil santander],cuenta-digital_brand,Cuenta_bancaria_joven_exa,MXN,Low search volume,Approved,,,0,0,0,0,0,0,0,0
12/2/19,Enabled,[cuenta juvenil santander],cuenta-digital_brand,Cuenta_bancaria_joven_exa,MXN,Low search volume,Approved,,,0,0,0,0,0,0,0,0
12/16/19,Enabled,[cuenta juvenil santander],cuenta-digital_brand,Cuenta_bancaria_joven_exa,MXN,Low search volume,Approved,,,0,0,0,0,0,0,0,0
1/13/20,Enabled,[cuenta juvenil santander],cuenta-digital_brand,Cuenta_bancaria_joven_exa,MXN,Low search volume,Approved,,,0,0,0,0,0,0,0,0
11/25/19,Enabled,[como obtener cuenta bancaria],cuenta-digital_brand,primera_cuenta_exa,MXN,Eligible,Approved,,,0,0,0,0,0,0,0,0
12/2/19,Enabled,[como obtener cuenta bancaria],cuenta-digital_brand,primera_cuenta_exa,MXN,Eligible,Approved,,,9,0.3333,62.11,3,0.3333,1,20.7,62.11
12/9/19,Enabled,[como obtener cuenta bancaria],cuenta-digital_brand,primera_cuenta_exa,MXN,Eligible,Approved,,,7,0.2857,13.94,2,0,0,6.97,0
1/6/20,Enabled,[como obtener cuenta bancaria],cuenta-digital_brand,primera_cuenta_exa,MXN,Eligible,Approved,,,4,0,0,0,0,0,0,0
1/13/20,Enabled,[como obtener cuenta bancaria],cuenta-digital_brand,primera_cuenta_exa,MXN,Eligible,Approved,,,11,0,0,0,0,0,0,0
10/28/19,Enabled, +cuenta +joven banco santander,cuenta-digital_brand,Cuenta_bancaria_joven_bro,MXN,Eligible,Approved,,,0,0,0,0,0,0,0,0
11/18/19,Enabled, +cuenta +joven banco santander,cuenta-digital_brand,Cuenta_bancaria_joven_bro,MXN,Eligible,Approved,,,22,0.1364,115.34,3,0,0,38.45,0
12/2/19,Enabled, +cuenta +joven banco santander,cuenta-digital_brand,Cuenta_bancaria_joven_bro,MXN,Eligible,Approved,,,20,0.15,16,3,0,0,5.33,0
1/6/20,Enabled, +cuenta +joven banco santander,cuenta-digital_brand,Cuenta_bancaria_joven_bro,MXN,Eligible,Approved,,,3,0.3333,2.11,1,0,0,2.11,0
11/11/19,Enabled,[cuenta joven],cuenta-digital_brand,Cuenta_bancaria_joven_exa,MXN,Eligible,Approved,,,0,0,0,0,0,0,0,0
11/18/19,Enabled,[cuenta joven],cuenta-digital_brand,Cuenta_bancaria_joven_exa,MXN,Eligible,Approved,,,1,0,0,0,0,0,0,0
10/28/19,Enabled,cuentadigital santander com mx,cuenta-digital_brand,Cuenta_Digital_brand_bro,MXN,Eligible,Approved,,,0,0,0,0,0,0,0,0
11/4/19,Enabled,cuentadigital santander com mx,cuenta-digital_brand,Cuenta_Digital_brand_bro,MXN,Eligible,Approved,,,0,0,0,0,0,0,0,0
11/25/19,Enabled,cuentadigital santander com mx,cuenta-digital_brand,Cuenta_Digital_brand_bro,MXN,Eligible,Approved,,,0,0,0,0,0,0,0,0
12/9/19,Enabled,cuentadigital santander com mx,cuenta-digital_brand,Cuenta_Digital_brand_bro,MXN,Eligible,Approved,,,0,0,0,0,0,0,0,0
12/23/19,Enabled,cuentadigital santander com mx,cuenta-digital_brand,Cuenta_Digital_brand_bro,MXN,Eligible,Approved,,,1,1,4.14,1,0,0,4.14,0
12/30/19,Enabled,cuentadigital santander com mx,cuenta-digital_brand,Cuenta_Digital_brand_bro,MXN,Eligible,Approved,,,1,0,0,0,0,0,0,0
10/28/19,Enabled, +cuenta +joven,cuenta-digital_brand,Cuenta_bancaria_joven_bro,MXN,Eligible,Approved,,,0,0,0,0,0,0,0,0
11/4/19,Enabled, +cuenta +joven,cuenta-digital_brand,Cuenta_bancaria_joven_bro,MXN,Eligible,Approved,,,0,0,0,0,0,0,0,0
11/18/19,Enabled, +cuenta +joven,cuenta-digital_brand,Cuenta_bancaria_joven_bro,MXN,Eligible,Approved,,,143,0.0979,324.53,14,0,0,23.18,0
11/25/19,Enabled, +cuenta +joven,cuenta-digital_brand,Cuenta_bancaria_joven_bro,MXN,Eligible,Approved,,,30,0.0667,24.01,2,0,0,12.01,0
12/2/19,Enabled, +cuenta +joven,cuenta-digital_brand,Cuenta_bancaria_joven_bro,MXN,Eligible,Approved,,,120,0.0833,320.89,10,0,0,32.09,0
12/9/19,Enabled, +cuenta +joven,cuenta-digital_brand,Cuenta_bancaria_joven_bro,MXN,Eligible,Approved,,,73,0.0685,161.52,5,0,0,32.3,0
12/23/19,Enabled, +cuenta +joven,cuenta-digital_brand,Cuenta_bancaria_joven_bro,MXN,Eligible,Approved,,,10,0,0,0,0,0,0,0
12/30/19,Enabled, +cuenta +joven,cuenta-digital_brand,Cuenta_bancaria_joven_bro,MXN,Eligible,Approved,,,7,0.1429,3.37,1,0,0,3.37,0
1/6/20,Enabled, +cuenta +joven,cuenta-digital_brand,Cuenta_bancaria_joven_bro,MXN,Eligible,Approved,,,19,0.2632,17.15,5,0,0,3.43,0
1/13/20,Enabled, +cuenta +joven,cuenta-digital_brand,Cuenta_bancaria_joven_bro,MXN,Eligible,Approved,,,12,0.25,11.57,3,0,0,3.86,0
11/11/19,Enabled, +cuenta joven +santander,cuenta-digital_brand,Cuenta_bancaria_joven_bro,MXN,Eligible,Approved,,,0,0,0,0,0,0,0,0
11/18/19,Enabled, +cuenta joven +santander,cuenta-digital_brand,Cuenta_bancaria_joven_bro,MXN,Eligible,Approved,,,1860,0.236,2125.61,439,0.0729,32,4.84,66.43
12/16/19,Enabled, +cuenta joven +santander,cuenta-digital_brand,Cuenta_bancaria_joven_bro,MXN,Eligible,Approved,,,741,0.2335,301.13,173,0.2081,36,1.74,8.36
12/23/19,Enabled, +cuenta joven +santander,cuenta-digital_brand,Cuenta_bancaria_joven_bro,MXN,Eligible,Approved,,,503,0.2545,159.5,128,0.1016,13,1.25,12.27
11/4/19,Enabled,[cuenta bancaria para jovenes],cuenta-digital_brand,Cuenta_bancaria_joven_exa,MXN,Eligible,Approved,,,0,0,0,0,0,0,0,0
11/25/19,Enabled,[cuenta bancaria para jovenes],cuenta-digital_brand,Cuenta_bancaria_joven_exa,MXN,Eligible,Approved,,,1,1,16.83,1,0,0,16.83,0
12/2/19,Enabled,[cuenta bancaria para jovenes],cuenta-digital_brand,Cuenta_bancaria_joven_exa,MXN,Eligible,Approved,,,43,0.186,148.3,8,0,0,18.54,0
12/16/19,Enabled,[cuenta bancaria para jovenes],cuenta-digital_brand,Cuenta_bancaria_joven_exa,MXN,Eligible,Approved,,,4,0,0,0,0,0,0,0
12/23/19,Enabled,[cuenta bancaria para jovenes],cuenta-digital_brand,Cuenta_bancaria_joven_exa,MXN,Eligible,Approved,,,4,0,0,0,0,0,0,0
1/6/20,Enabled,[cuenta bancaria para jovenes],cuenta-digital_brand,Cuenta_bancaria_joven_exa,MXN,Eligible,Approved,,,5,0,0,0,0,0,0,0
11/4/19,Enabled,[cuenta superdigital],cuenta-digital_brand,Cuenta_Digital_brand_exa,MXN,Eligible,Approved,,,0,0,0,0,0,0,0,0
11/11/19,Enabled,[cuenta superdigital],cuenta-digital_brand,Cuenta_Digital_brand_exa,MXN,Eligible,Approved,,,0,0,0,0,0,0,0,0
11/25/19,Enabled,[cuenta superdigital],cuenta-digital_brand,Cuenta_Digital_brand_exa,MXN,Eligible,Approved,,,0,0,0,0,0,0,0,0
12/2/19,Enabled,[cuenta superdigital],cuenta-digital_brand,Cuenta_Digital_brand_exa,MXN,Eligible,Approved,,,1,0,0,0,0,0,0,0
12/9/19,Enabled,[cuenta superdigital],cuenta-digital_brand,Cuenta_Digital_brand_exa,MXN,Eligible,Approved,,,3,1,9.83,3,0,0,3.28,0
12/16/19,Enabled,[cuenta superdigital],cuenta-digital_brand,Cuenta_Digital_brand_exa,MXN,Eligible,Approved,,,1,0,0,0,0,0,0,0
12/23/19,Enabled,[cuenta superdigital],cuenta-digital_brand,Cuenta_Digital_brand_exa,MXN,Eligible,Approved,,,1,0,0,0,0,0,0,0
12/30/19,Enabled,[cuenta superdigital],cuenta-digital_brand,Cuenta_Digital_brand_exa,MXN,Eligible,Approved,,,0,0,0,0,0,0,0,0
1/6/20,Enabled,[cuenta superdigital],cuenta-digital_brand,Cuenta_Digital_brand_exa,MXN,Eligible,Approved,,,1,0,0,0,0,0,0,0
1/13/20,Enabled,[cuenta superdigital],cuenta-digital_brand,Cuenta_Digital_brand_exa,MXN,Eligible,Approved,,,0,0,0,0,0,0,0,0
10/28/19,Enabled, +como +obtener +cuenta +bancaria,cuenta-digital_brand,primera_cuenta_bro,MXN,Eligible,Approved,,,0,0,0,0,0,0,0,0
11/4/19,Enabled, +como +obtener +cuenta +bancaria,cuenta-digital_brand,primera_cuenta_bro,MXN,Eligible,Approved,,,0,0,0,0,0,0,0,0
11/18/19,Enabled, +como +obtener +cuenta +bancaria,cuenta-digital_brand,primera_cuenta_bro,MXN,Eligible,Approved,,,7,0.1429,10.51,1,0,0,10.51,0
11/25/19,Enabled, +como +obtener +cuenta +bancaria,cuenta-digital_brand,primera_cuenta_bro,MXN,Eligible,Approved,,,5,0.2,18.92,1,0,0,18.92,0
12/2/19,Enabled, +como +obtener +cuenta +bancaria,cuenta-digital_brand,primera_cuenta_bro,MXN,Eligible,Approved,,,12,0.0833,51.88,1,0,0,51.88,0
12/9/19,Enabled, +como +obtener +cuenta +bancaria,cuenta-digital_brand,primera_cuenta_bro,MXN,Eligible,Approved,,,26,0,0,0,0,0,0,0
12/23/19,Enabled, +como +obtener +cuenta +bancaria,cuenta-digital_brand,primera_cuenta_bro,MXN,Eligible,Approved,,,7,0,0,0,0,0,0,0
12/30/19,Enabled, +como +obtener +cuenta +bancaria,cuenta-digital_brand,primera_cuenta_bro,MXN,Eligible,Approved,,,13,0.2308,9.67,3,0,0,3.22,0
1/13/20,Enabled, +como +obtener +cuenta +bancaria,cuenta-digital_brand,primera_cuenta_bro,MXN,Eligible,Approved,,,21,0.0952,5.64,2,0,0,2.82,0
10/28/19,Enabled,[cuenta bancaria superdigital],cuenta-digital_brand,Cuenta_Digital_brand_exa,MXN,Low search volume,Approved,,,0,0,0,0,0,0,0,0
11/11/19,Enabled,[cuenta bancaria superdigital],cuenta-digital_brand,Cuenta_Digital_brand_exa,MXN,Low search volume,Approved,,,0,0,0,0,0,0,0,0
11/18/19,Enabled,[cuenta bancaria superdigital],cuenta-digital_brand,Cuenta_Digital_brand_exa,MXN,Low search volume,Approved,,,0,0,0,0,0,0,0,0
12/2/19,Enabled,[cuenta bancaria superdigital],cuenta-digital_brand,Cuenta_Digital_brand_exa,MXN,Low search volume,Approved,,,0,0,0,0,0,0,0,0
12/16/19,Enabled,[cuenta bancaria superdigital],cuenta-digital_brand,Cuenta_Digital_brand_exa,MXN,Low search volume,Approved,,,0,0,0,0,0,0,0,0
12/23/19,Enabled,[cuenta bancaria superdigital],cuenta-digital_brand,Cuenta_Digital_brand_exa,MXN,Low search volume,Approved,,,0,0,0,0,0,0,0,0
1/6/20,Enabled,[cuenta bancaria superdigital],cuenta-digital_brand,Cuenta_Digital_brand_exa,MXN,Low search volume,Approved,,,0,0,0,0,0,0,0,0
11/11/19,Enabled, +como +obtener +cuenta +bancaria,cuenta-digital_brand,primera_cuenta_bro,MXN,Eligible,Approved,,,0,0,0,0,0,0,0,0
12/16/19,Enabled, +como +obtener +cuenta +bancaria,cuenta-digital_brand,primera_cuenta_bro,MXN,Eligible,Approved,,,9,0.2222,10.17,2,0,0,5.09,0
1/6/20,Enabled, +como +obtener +cuenta +bancaria,cuenta-digital_brand,primera_cuenta_bro,MXN,Eligible,Approved,,,22,0,0,0,0,0,0,0
10/28/19,Enabled,[cuenta superdigital],cuenta-digital_brand,Cuenta_Digital_brand_exa,MXN,Eligible,Approved,,,0,0,0,0,0,0,0,0
11/18/19,Enabled,[cuenta superdigital],cuenta-digital_brand,Cuenta_Digital_brand_exa,MXN,Eligible,Approved,,,0,0,0,0,0,0,0,0
11/4/19,Enabled,[cuenta bancaria superdigital],cuenta-digital_brand,Cuenta_Digital_brand_exa,MXN,Low search volume,Approved,,,0,0,0,0,0,0,0,0
11/25/19,Enabled,[cuenta bancaria superdigital],cuenta-digital_brand,Cuenta_Digital_brand_exa,MXN,Low search volume,Approved,,,0,0,0,0,0,0,0,0
12/9/19,Enabled,[cuenta bancaria superdigital],cuenta-digital_brand,Cuenta_Digital_brand_exa,MXN,Low search volume,Approved,,,0,0,0,0,0,0,0,0
12/30/19,Enabled,[cuenta bancaria superdigital],cuenta-digital_brand,Cuenta_Digital_brand_exa,MXN,Low search volume,Approved,,,0,0,0,0,0,0,0,0
1/13/20,Enabled,[cuenta bancaria superdigital],cuenta-digital_brand,Cuenta_Digital_brand_exa,MXN,Low search volume,Approved,,,0,0,0,0,0,0,0,0
11/11/19,Enabled, +como +tener +cuenta +bancaria,cuenta-digital_brand,primera_cuenta_bro,MXN,Eligible,Approved,,,0,0,0,0,0,0,0,0
11/18/19,Enabled, +como +tener +cuenta +bancaria,cuenta-digital_brand,primera_cuenta_bro,MXN,Eligible,Approved,,,81,0.0864,130.61,7,0,0,18.66,0
12/16/19,Enabled, +como +tener +cuenta +bancaria,cuenta-digital_brand,primera_cuenta_bro,MXN,Eligible,Approved,,,40,0.025,24.29,1,0,0,24.29,0
10/28/19,Enabled, +como +tener +cuenta +bancaria,cuenta-digital_brand,primera_cuenta_bro,MXN,Eligible,Approved,,,0,0,0,0,0,0,0,0
11/4/19,Enabled, +como +tener +cuenta +bancaria,cuenta-digital_brand,primera_cuenta_bro,MXN,Eligible,Approved,,,0,0,0,0,0,0,0,0
11/25/19,Enabled, +como +tener +cuenta +bancaria,cuenta-digital_brand,primera_cuenta_bro,MXN,Eligible,Approved,,,5,0,0,0,0,0,0,0
12/2/19,Enabled, +como +tener +cuenta +bancaria,cuenta-digital_brand,primera_cuenta_bro,MXN,Eligible,Approved,,,55,0.0545,106.29,3,0,0,35.43,0
12/9/19,Enabled, +como +tener +cuenta +bancaria,cuenta-digital_brand,primera_cuenta_bro,MXN,Eligible,Approved,,,45,0.0667,41.16,3,0,0,13.72,0
12/23/19,Enabled, +como +tener +cuenta +bancaria,cuenta-digital_brand,primera_cuenta_bro,MXN,Eligible,Approved,,,30,0.0667,2.91,2,1.5,3,1.46,0.97
12/30/19,Enabled, +como +tener +cuenta +bancaria,cuenta-digital_brand,primera_cuenta_bro,MXN,Eligible,Approved,,,29,0.069,8.45,2,0,0,4.23,0
1/6/20,Enabled, +como +tener +cuenta +bancaria,cuenta-digital_brand,primera_cuenta_bro,MXN,Eligible,Approved,,,38,0,0,0,0,0,0,0
1/13/20,Enabled, +como +tener +cuenta +bancaria,cuenta-digital_brand,primera_cuenta_bro,MXN,Eligible,Approved,,,24,0.125,7.88,3,0,0,2.63,0
11/4/19,Enabled,[cuenta digital santander],cuenta-digital_brand,Cuenta_Digital_brand_exa,MXN,Eligible,Approved,,,0,0,0,0,0,0,0,0
12/2/19,Enabled,[cuenta digital santander],cuenta-digital_brand,Cuenta_Digital_brand_exa,MXN,Eligible,Approved,,,243,0.5473,272.07,133,0.1579,21,2.05,12.96
12/23/19,Enabled,[cuenta digital santander],cuenta-digital_brand,Cuenta_Digital_brand_exa,MXN,Eligible,Approved,,,44,0.5227,14.34,23,0.4348,10,0.62,1.43
1/13/20,Enabled,[cuenta digital santander],cuenta-digital_brand,Cuenta_Digital_brand_exa,MXN,Eligible,Approved,,,129,0.5581,131.04,72,0.6528,47,1.82,2.79
11/4/19,Enabled, +como +sacar +cuenta +bancaria,cuenta-digital_brand,primera_cuenta_bro,MXN,Eligible,Approved,,,0,0,0,0,0,0,0,0
11/11/19,Enabled, +como +sacar +cuenta +bancaria,cuenta-digital_brand,primera_cuenta_bro,MXN,Eligible,Approved,,,0,0,0,0,0,0,0,0
12/2/19,Enabled, +como +sacar +cuenta +bancaria,cuenta-digital_brand,primera_cuenta_bro,MXN,Eligible,Approved,,,63,0.0952,62.27,6,0,0,10.38,0
12/16/19,Enabled, +como +sacar +cuenta +bancaria,cuenta-digital_brand,primera_cuenta_bro,MXN,Eligible,Approved,,,32,0.0625,8.2,2,0,0,4.1,0
11/4/19,Enabled,[cuenta digital],cuenta-digital_brand,Cuenta_Digital_brand_exa,MXN,Eligible,Approved,,,0,0,0,0,0,0,0,0
11/11/19,Enabled,[cuenta digital],cuenta-digital_brand,Cuenta_Digital_brand_exa,MXN,Eligible,Approved,,,0,0,0,0,0,0,0,0
12/23/19,Enabled,[cuenta digital],cuenta-digital_brand,Cuenta_Digital_brand_exa,MXN,Eligible,Approved,,,80,0.0625,9.99,5,0,0,2,0
12/30/19,Enabled,[cuenta digital],cuenta-digital_brand,Cuenta_Digital_brand_exa,MXN,Eligible,Approved,,,41,0.2195,26.22,9,0,0,2.91,0
1/6/20,Enabled,[cuenta digital],cuenta-digital_brand,Cuenta_Digital_brand_exa,MXN,Eligible,Approved,,,106,0.1038,28.18,11,0.4545,5,2.56,5.64
11/4/19,Enabled,[cuenta digital banco santander],cuenta-digital_brand,Cuenta_Digital_brand_exa,MXN,Low search volume,Approved,,,0,0,0,0,0,0,0,0
11/11/19,Enabled,[cuenta digital banco santander],cuenta-digital_brand,Cuenta_Digital_brand_exa,MXN,Low search volume,Approved,,,0,0,0,0,0,0,0,0
11/18/19,Enabled,[cuenta digital banco santander],cuenta-digital_brand,Cuenta_Digital_brand_exa,MXN,Low search volume,Approved,,,0,0,0,0,0,0,0,0
12/9/19,Enabled,[cuenta digital banco santander],cuenta-digital_brand,Cuenta_Digital_brand_exa,MXN,Low search volume,Approved,,,0,0,0,0,0,0,0,0
1/6/20,Enabled,[cuenta digital banco santander],cuenta-digital_brand,Cuenta_Digital_brand_exa,MXN,Low search volume,Approved,,,0,0,0,0,0,0,0,0
10/28/19,Enabled,[cuenta superdigital santander],cuenta-digital_brand,Cuenta_Digital_brand_exa,MXN,Eligible,Approved,,,0,0,0,0,0,0,0,0
11/4/19,Enabled,[cuenta superdigital santander],cuenta-digital_brand,Cuenta_Digital_brand_exa,MXN,Eligible,Approved,,,0,0,0,0,0,0,0,0
11/25/19,Enabled,[cuenta superdigital santander],cuenta-digital_brand,Cuenta_Digital_brand_exa,MXN,Eligible,Approved,,,1,0,0,0,0,0,0,0
12/2/19,Enabled,[cuenta superdigital santander],cuenta-digital_brand,Cuenta_Digital_brand_exa,MXN,Eligible,Approved,,,5,0.6,0.97,3,0,0,0.32,0
12/9/19,Enabled,[cuenta superdigital santander],cuenta-digital_brand,Cuenta_Digital_brand_exa,MXN,Eligible,Approved,,,3,0.3333,0.37,1,0,0,0.37,0
12/30/19,Enabled,[cuenta superdigital santander],cuenta-digital_brand,Cuenta_Digital_brand_exa,MXN,Eligible,Approved,,,5,0.4,1.62,2,0,0,0.81,0
1/6/20,Enabled,[cuenta superdigital santander],cuenta-digital_brand,Cuenta_Digital_brand_exa,MXN,Eligible,Approved,,,8,0.375,1.68,3,1.3333,4,0.56,0.42
1/13/20,Enabled,[cuenta superdigital santander],cuenta-digital_brand,Cuenta_Digital_brand_exa,MXN,Eligible,Approved,,,6,0.5,6.01,3,0,0,2,0
11/4/19,Enabled, +primera +cuenta +bancaria,cuenta-digital_brand,primera_cuenta_bro,MXN,Eligible,Approved,,,0,0,0,0,0,0,0,0
11/11/19,Enabled, +primera +cuenta +bancaria,cuenta-digital_brand,primera_cuenta_bro,MXN,Eligible,Approved,,,0,0,0,0,0,0,0,0
11/18/19,Enabled, +primera +cuenta +bancaria,cuenta-digital_brand,primera_cuenta_bro,MXN,Eligible,Approved,,,14,0.0714,2.82,1,0,0,2.82,0
11/25/19,Enabled, +primera +cuenta +bancaria,cuenta-digital_brand,primera_cuenta_bro,MXN,Eligible,Approved,,,0,0,0,0,0,0,0,0
12/9/19,Enabled, +primera +cuenta +bancaria,cuenta-digital_brand,primera_cuenta_bro,MXN,Eligible,Approved,,,8,0.125,12.04,1,0,0,12.04,0
12/16/19,Enabled, +primera +cuenta +bancaria,cuenta-digital_brand,primera_cuenta_bro,MXN,Eligible,Approved,,,2,0,0,0,0,0,0,0
10/28/19,Enabled,[cuenta digital santander],cuenta-digital_brand,Cuenta_Digital_brand_exa,MXN,Eligible,Approved,,,0,0,0,0,0,0,0,0
11/11/19,Enabled,[cuenta digital santander],cuenta-digital_brand,Cuenta_Digital_brand_exa,MXN,Eligible,Approved,,,0,0,0,0,0,0,0,0
11/18/19,Enabled,[cuenta digital santander],cuenta-digital_brand,Cuenta_Digital_brand_exa,MXN,Eligible,Approved,,,266,0.6165,556.81,164,1.1159,183,3.4,3.04
11/25/19,Enabled,[cuenta digital santander],cuenta-digital_brand,Cuenta_Digital_brand_exa,MXN,Eligible,Approved,,,15,0.2667,18.44,4,0,0,4.61,0
12/9/19,Enabled,[cuenta digital santander],cuenta-digital_brand,Cuenta_Digital_brand_exa,MXN,Eligible,Approved,,,63,0.4286,35.98,27,0.4444,12,1.33,3
12/16/19,Enabled,[cuenta digital santander],cuenta-digital_brand,Cuenta_Digital_brand_exa,MXN,Eligible,Approved,,,54,0.3519,38.23,19,0.3158,6,2.01,6.37
12/30/19,Enabled,[cuenta digital santander],cuenta-digital_brand,Cuenta_Digital_brand_exa,MXN,Eligible,Approved,,,58,0.5345,42.96,31,0.6129,19,1.39,2.26
1/6/20,Enabled,[cuenta digital santander],cuenta-digital_brand,Cuenta_Digital_brand_exa,MXN,Eligible,Approved,,,117,0.4786,62.43,56,0.1607,9,1.11,6.94
10/28/19,Enabled, +como +sacar +cuenta +bancaria,cuenta-digital_brand,primera_cuenta_bro,MXN,Eligible,Approved,,,0,0,0,0,0,0,0,0
10/28/19,Enabled, +cuenta +bancaria para jovenes,cuenta-digital_brand,Cuenta_bancaria_joven_bro,MXN,Eligible,Approved,,,0,0,0,0,0,0,0,0
11/4/19,Enabled,[cuenta joven banco santander],cuenta-digital_brand,Cuenta_bancaria_joven_exa,MXN,Eligible,Approved,,,0,0,0,0,0,0,0,0
11/18/19,Enabled,[cuenta joven banco santander],cuenta-digital_brand,Cuenta_bancaria_joven_exa,MXN,Eligible,Approved,,,0,0,0,0,0,0,0,0
12/2/19,Enabled,[cuenta joven banco santander],cuenta-digital_brand,Cuenta_bancaria_joven_exa,MXN,Eligible,Approved,,,3,0.6667,3.91,2,0,0,1.96,0
12/9/19,Enabled,[cuenta joven banco santander],cuenta-digital_brand,Cuenta_bancaria_joven_exa,MXN,Eligible,Approved,,,3,0,0,0,0,0,0,0
12/16/19,Enabled,[cuenta joven banco santander],cuenta-digital_brand,Cuenta_bancaria_joven_exa,MXN,Eligible,Approved,,,1,1,2.22,1,0,0,2.22,0
12/23/19,Enabled,[cuenta joven banco santander],cuenta-digital_brand,Cuenta_bancaria_joven_exa,MXN,Eligible,Approved,,,1,0,0,0,0,0,0,0
12/30/19,Enabled,[cuenta joven banco santander],cuenta-digital_brand,Cuenta_bancaria_joven_exa,MXN,Eligible,Approved,,,0,0,0,0,0,0,0,0
10/28/19,Enabled,cuentadigital santander,cuenta-digital_brand,Cuenta_Digital_brand_bro,MXN,Eligible,Approved,,,0,0,0,0,0,0,0,0
11/4/19,Enabled,cuentadigital santander,cuenta-digital_brand,Cuenta_Digital_brand_bro,MXN,Eligible,Approved,,,0,0,0,0,0,0,0,0
12/9/19,Enabled,cuentadigital santander,cuenta-digital_brand,Cuenta_Digital_brand_bro,MXN,Eligible,Approved,,,5,0.8,18.92,4,0.5,2,4.73,9.46
12/30/19,Enabled,cuentadigital santander,cuenta-digital_brand,Cuenta_Digital_brand_bro,MXN,Eligible,Approved,,,9,0.2222,3.74,2,1,2,1.87,1.87
10/28/19,Enabled, +cuenta +digital,cuenta-digital_brand,Cuenta_Digital_brand_bro,MXN,Eligible,Approved,,,0,0,0,0,0,0,0,0
11/4/19,Enabled, +cuenta +digital,cuenta-digital_brand,Cuenta_Digital_brand_bro,MXN,Eligible,Approved,,,0,0,0,0,0,0,0,0
11/18/19,Enabled, +cuenta +digital,cuenta-digital_brand,Cuenta_Digital_brand_bro,MXN,Eligible,Approved,,,5102,0.0996,9329.64,508,0.3327,169,18.37,55.2
12/9/19,Enabled, +cuenta +digital,cuenta-digital_brand,Cuenta_Digital_brand_bro,MXN,Eligible,Approved,,,2119,0.0694,3862.21,147,0.102,15,26.27,257.48
12/23/19,Enabled, +cuenta +digital,cuenta-digital_brand,Cuenta_Digital_brand_bro,MXN,Eligible,Approved,,,475,0.0547,98.17,26,0.0769,2,3.78,49.09
12/30/19,Enabled, +cuenta +digital,cuenta-digital_brand,Cuenta_Digital_brand_bro,MXN,Eligible,Approved,,,423,0.0615,81.97,26,0.1538,4,3.15,20.49
1/6/20,Enabled, +cuenta +digital,cuenta-digital_brand,Cuenta_Digital_brand_bro,MXN,Eligible,Approved,,,748,0.0909,172.44,68,0.1176,8,2.54,21.56
11/4/19,Enabled, +cuenta +bancaria +digital,cuenta-digital_brand,Cuenta_Digital_brand_bro,MXN,Eligible,Approved,,,0,0,0,0,0,0,0,0
12/2/19,Enabled, +cuenta +bancaria +digital,cuenta-digital_brand,Cuenta_Digital_brand_bro,MXN,Eligible,Approved,,,34,0.2059,128.94,7,10.7143,75,18.42,1.72
12/30/19,Enabled, +cuenta +bancaria +digital,cuenta-digital_brand,Cuenta_Digital_brand_bro,MXN,Eligible,Approved,,,19,0.0526,3.32,1,0,0,3.32,0
1/6/20,Enabled, +cuenta +bancaria +digital,cuenta-digital_brand,Cuenta_Digital_brand_bro,MXN,Eligible,Approved,,,36,0.2222,24.62,8,0,0,3.08,0
11/4/19,Enabled,[primera cuenta bancaria],cuenta-digital_brand,primera_cuenta_exa,MXN,Eligible,Approved,,,0,0,0,0,0,0,0,0
11/11/19,Enabled,[primera cuenta bancaria],cuenta-digital_brand,primera_cuenta_exa,MXN,Eligible,Approved,,,0,0,0,0,0,0,0,0
11/25/19,Enabled,[primera cuenta bancaria],cuenta-digital_brand,primera_cuenta_exa,MXN,Eligible,Approved,,,0,0,0,0,0,0,0,0
12/16/19,Enabled,[primera cuenta bancaria],cuenta-digital_brand,primera_cuenta_exa,MXN,Eligible,Approved,,,0,0,0,0,0,0,0,0
12/23/19,Enabled,[primera cuenta bancaria],cuenta-digital_brand,primera_cuenta_exa,MXN,Eligible,Approved,,,0,0,0,0,0,0,0,0
12/30/19,Enabled,[primera cuenta bancaria],cuenta-digital_brand,primera_cuenta_exa,MXN,Eligible,Approved,,,1,0,0,0,0,0,0,0
1/6/20,Enabled,[primera cuenta bancaria],cuenta-digital_brand,primera_cuenta_exa,MXN,Eligible,Approved,,,0,0,0,0,0,0,0,0
10/28/19,Enabled,cuenta super digital santander,cuenta-digital_brand,Cuenta_Digital_brand_bro,MXN,Eligible,Approved,,,0,0,0,0,0,0,0,0
11/4/19,Enabled,cuenta super digital santander,cuenta-digital_brand,Cuenta_Digital_brand_bro,MXN,Eligible,Approved,,,0,0,0,0,0,0,0,0
11/18/19,Enabled,cuenta super digital santander,cuenta-digital_brand,Cuenta_Digital_brand_bro,MXN,Eligible,Approved,,,0,0,0,0,0,0,0,0
12/2/19,Enabled,cuenta super digital santander,cuenta-digital_brand,Cuenta_Digital_brand_bro,MXN,Eligible,Approved,,,0,0,0,0,0,0,0,0
12/9/19,Enabled,cuenta super digital santander,cuenta-digital_brand,Cuenta_Digital_brand_bro,MXN,Eligible,Approved,,,114,0.4035,224.38,46,0.7174,33,4.88,6.8
12/23/19,Enabled,cuenta super digital santander,cuenta-digital_brand,Cuenta_Digital_brand_bro,MXN,Eligible,Approved,,,162,0.3457,71.09,56,0.8393,47,1.27,1.51
12/30/19,Enabled,cuenta super digital santander,cuenta-digital_brand,Cuenta_Digital_brand_bro,MXN,Eligible,Approved,,,154,0.3701,46.7,57,0.5088,29,0.82,1.61
10/28/19,Enabled, +cuenta bancaria joven,cuenta-digital_brand,Cuenta_bancaria_joven_bro,MXN,Eligible,Approved,,,0,0,0,0,0,0,0,0
11/4/19,Enabled, +cuenta bancaria joven,cuenta-digital_brand,Cuenta_bancaria_joven_bro,MXN,Eligible,Approved,,,0,0,0,0,0,0,0,0
11/11/19,Enabled, +cuenta bancaria joven,cuenta-digital_brand,Cuenta_bancaria_joven_bro,MXN,Eligible,Approved,,,0,0,0,0,0,0,0,0
11/18/19,Enabled, +cuenta bancaria joven,cuenta-digital_brand,Cuenta_bancaria_joven_bro,MXN,Eligible,Approved,,,516,0.0988,1082.52,51,0.0196,1,21.23,1082.52
11/25/19,Enabled, +cuenta bancaria joven,cuenta-digital_brand,Cuenta_bancaria_joven_bro,MXN,Eligible,Approved,,,105,0.0571,136.81,6,0.3333,2,22.8,68.41
12/9/19,Enabled, +cuenta bancaria joven,cuenta-digital_brand,Cuenta_bancaria_joven_bro,MXN,Eligible,Approved,,,378,0.0899,982.76,34,0,0,28.9,0
1/6/20,Enabled, +cuenta bancaria joven,cuenta-digital_brand,Cuenta_bancaria_joven_bro,MXN,Eligible,Approved,,,108,0.1667,54.98,18,0,0,3.05,0
11/11/19,Enabled, +cuenta +digital santander,cuenta-digital_brand,Cuenta_Digital_brand_bro,MXN,Eligible,Approved,,,0,0,0,0,0,0,0,0
11/18/19,Enabled, +cuenta +digital santander,cuenta-digital_brand,Cuenta_Digital_brand_bro,MXN,Eligible,Approved,,,823,0.4605,1816.72,379,0.6491,246,4.79,7.39
12/2/19,Enabled, +cuenta +digital santander,cuenta-digital_brand,Cuenta_Digital_brand_bro,MXN,Eligible,Approved,,,372,0.3199,305.91,119,0.2605,31,2.57,9.87
12/9/19,Enabled, +cuenta +digital santander,cuenta-digital_brand,Cuenta_Digital_brand_bro,MXN,Eligible,Approved,,,201,0.2985,322.59,60,0.3667,22,5.38,14.66
1/13/20,Enabled, +cuenta +digital santander,cuenta-digital_brand,Cuenta_Digital_brand_bro,MXN,Eligible,Approved,,,185,0.3459,83.2,64,0.75,48,1.3,1.73
10/28/19,Enabled,[cuenta bancaria joven],cuenta-digital_brand,Cuenta_bancaria_joven_exa,MXN,Eligible,Approved,,,0,0,0,0,0,0,0,0
11/4/19,Enabled,[cuenta bancaria joven],cuenta-digital_brand,Cuenta_bancaria_joven_exa,MXN,Eligible,Approved,,,0,0,0,0,0,0,0,0
11/25/19,Enabled,[cuenta bancaria joven],cuenta-digital_brand,Cuenta_bancaria_joven_exa,MXN,Eligible,Approved,,,0,0,0,0,0,0,0,0
12/9/19,Enabled,[cuenta bancaria joven],cuenta-digital_brand,Cuenta_bancaria_joven_exa,MXN,Eligible,Approved,,,0,0,0,0,0,0,0,0
12/30/19,Enabled,[cuenta bancaria joven],cuenta-digital_brand,Cuenta_bancaria_joven_exa,MXN,Eligible,Approved,,,0,0,0,0,0,0,0,0
11/4/19,Enabled,super cuenta digital,cuenta-digital_brand,Cuenta_Digital_brand_bro,MXN,Eligible,Approved,,,0,0,0,0,0,0,0,0
12/9/19,Enabled,super cuenta digital,cuenta-digital_brand,Cuenta_Digital_brand_bro,MXN,Eligible,Approved,,,77,0.2727,45.69,21,0.1429,3,2.18,15.23
12/16/19,Enabled,super cuenta digital,cuenta-digital_brand,Cuenta_Digital_brand_bro,MXN,Eligible,Approved,,,221,0.3575,89.31,79,0.3924,31,1.13,2.88
12/23/19,Enabled,super cuenta digital,cuenta-digital_brand,Cuenta_Digital_brand_bro,MXN,Eligible,Approved,,,157,0.3631,60.62,57,0.1579,9,1.06,6.74
12/30/19,Enabled,super cuenta digital,cuenta-digital_brand,Cuenta_Digital_brand_bro,MXN,Eligible,Approved,,,162,0.3951,56.49,64,0.5,32,0.88,1.77
10/28/19,Enabled, +cuenta +digital banco santander,cuenta-digital_brand,Cuenta_Digital_brand_bro,MXN,Low search volume,Approved,,,0,0,0,0,0,0,0,0
11/4/19,Enabled, +cuenta +digital banco santander,cuenta-digital_brand,Cuenta_Digital_brand_bro,MXN,Low search volume,Approved,,,0,0,0,0,0,0,0,0
11/18/19,Enabled, +cuenta +digital banco santander,cuenta-digital_brand,Cuenta_Digital_brand_bro,MXN,Low search volume,Approved,,,0,0,0,0,0,0,0,0
12/2/19,Enabled, +cuenta +digital banco santander,cuenta-digital_brand,Cuenta_Digital_brand_bro,MXN,Low search volume,Approved,,,0,0,0,0,0,0,0,0
12/16/19,Enabled, +cuenta +digital banco santander,cuenta-digital_brand,Cuenta_Digital_brand_bro,MXN,Low search volume,Approved,,,0,0,0,0,0,0,0,0
12/23/19,Enabled, +cuenta +digital banco santander,cuenta-digital_brand,Cuenta_Digital_brand_bro,MXN,Low search volume,Approved,,,1,0,0,0,0,0,0,0
12/30/19,Enabled, +cuenta +digital banco santander,cuenta-digital_brand,Cuenta_Digital_brand_bro,MXN,Low search volume,Approved,,,9,0.2222,2.79,2,0,0,1.4,0
1/6/20,Enabled, +cuenta +digital banco santander,cuenta-digital_brand,Cuenta_Digital_brand_bro,MXN,Low search volume,Approved,,,11,0.0909,3.3,1,0,0,3.3,0
11/11/19,Enabled, +cuenta superdigital +santander,cuenta-digital_brand,Cuenta_Digital_brand_bro,MXN,Eligible,Approved,,,0,0,0,0,0,0,0,0
11/18/19,Enabled, +cuenta superdigital +santander,cuenta-digital_brand,Cuenta_Digital_brand_bro,MXN,Eligible,Approved,,,9,0.4444,8.24,4,2,8,2.06,1.03
11/11/19,Enabled,cuentadigital santander,cuenta-digital_brand,Cuenta_Digital_brand_bro,MXN,Eligible,Approved,,,0,0,0,0,0,0,0,0
11/18/19,Enabled,cuentadigital santander,cuenta-digital_brand,Cuenta_Digital_brand_bro,MXN,Eligible,Approved,,,0,0,0,0,0,0,0,0
11/25/19,Enabled,cuentadigital santander,cuenta-digital_brand,Cuenta_Digital_brand_bro,MXN,Eligible,Approved,,,0,0,0,0,0,0,0,0
12/2/19,Enabled,cuentadigital santander,cuenta-digital_brand,Cuenta_Digital_brand_bro,MXN,Eligible,Approved,,,0,0,0,0,0,0,0,0
12/16/19,Enabled,cuentadigital santander,cuenta-digital_brand,Cuenta_Digital_brand_bro,MXN,Eligible,Approved,,,10,0.1,3.4,1,0,0,3.4,0
12/23/19,Enabled,cuentadigital santander,cuenta-digital_brand,Cuenta_Digital_brand_bro,MXN,Eligible,Approved,,,14,0,0,0,0,0,0,0
1/6/20,Enabled,cuentadigital santander,cuenta-digital_brand,Cuenta_Digital_brand_bro,MXN,Eligible,Approved,,,22,0.3182,9.44,7,0.2857,2,1.35,4.72
1/13/20,Enabled,cuentadigital santander,cuenta-digital_brand,Cuenta_Digital_brand_bro,MXN,Eligible,Approved,,,21,0.1429,7.72,3,2,6,2.57,1.29
10/28/19,Enabled,[cuenta joven banco santander],cuenta-digital_brand,Cuenta_bancaria_joven_exa,MXN,Eligible,Approved,,,0,0,0,0,0,0,0,0
11/11/19,Enabled,[cuenta joven banco santander],cuenta-digital_brand,Cuenta_bancaria_joven_exa,MXN,Eligible,Approved,,,0,0,0,0,0,0,0,0
11/25/19,Enabled,[cuenta joven banco santander],cuenta-digital_brand,Cuenta_bancaria_joven_exa,MXN,Eligible,Approved,,,0,0,0,0,0,0,0,0
1/6/20,Enabled,[cuenta joven banco santander],cuenta-digital_brand,Cuenta_bancaria_joven_exa,MXN,Eligible,Approved,,,1,0,0,0,0,0,0,0
1/13/20,Enabled,[cuenta joven banco santander],cuenta-digital_brand,Cuenta_bancaria_joven_exa,MXN,Eligible,Approved,,,1,0,0,0,0,0,0,0
11/11/19,Enabled, +cuenta +digital,cuenta-digital_brand,Cuenta_Digital_brand_bro,MXN,Eligible,Approved,,,0,0,0,0,0,0,0,0
11/25/19,Enabled, +cuenta +digital,cuenta-digital_brand,Cuenta_Digital_brand_bro,MXN,Eligible,Approved,,,692,0.065,1120.27,45,0.1111,5,24.89,224.05
12/2/19,Enabled, +cuenta +digital,cuenta-digital_brand,Cuenta_Digital_brand_bro,MXN,Eligible,Approved,,,3705,0.0777,4471.7,288,0.0694,20,15.53,223.59
12/16/19,Enabled, +cuenta +digital,cuenta-digital_brand,Cuenta_Digital_brand_bro,MXN,Eligible,Approved,,,649,0.0801,532.7,52,0.1154,6,10.24,88.78
1/13/20,Enabled, +cuenta +digital,cuenta-digital_brand,Cuenta_Digital_brand_bro,MXN,Eligible,Approved,,,673,0.0832,157.74,56,0.2143,12,2.82,13.15
10/28/19,Enabled, +cuenta +bancaria +digital,cuenta-digital_brand,Cuenta_Digital_brand_bro,MXN,Eligible,Approved,,,0,0,0,0,0,0,0,0
11/18/19,Enabled, +como +sacar +cuenta +bancaria,cuenta-digital_brand,primera_cuenta_bro,MXN,Eligible,Approved,,,26,0.2308,49.43,6,0,0,8.24,0
11/25/19,Enabled, +como +sacar +cuenta +bancaria,cuenta-digital_brand,primera_cuenta_bro,MXN,Eligible,Approved,,,40,0.1,184.68,4,0,0,46.17,0
12/9/19,Enabled, +como +sacar +cuenta +bancaria,cuenta-digital_brand,primera_cuenta_bro,MXN,Eligible,Approved,,,116,0.0517,222.87,6,0,0,37.15,0
12/23/19,Enabled, +como +sacar +cuenta +bancaria,cuenta-digital_brand,primera_cuenta_bro,MXN,Eligible,Approved,,,41,0.122,30.14,5,0,0,6.03,0
12/30/19,Enabled, +como +sacar +cuenta +bancaria,cuenta-digital_brand,primera_cuenta_bro,MXN,Eligible,Approved,,,31,0.1935,19.12,6,0.3333,2,3.19,9.56
1/6/20,Enabled, +como +sacar +cuenta +bancaria,cuenta-digital_brand,primera_cuenta_bro,MXN,Eligible,Approved,,,74,0.0676,14.04,5,0,0,2.81,0
1/13/20,Enabled, +como +sacar +cuenta +bancaria,cuenta-digital_brand,primera_cuenta_bro,MXN,Eligible,Approved,,,56,0.1071,23.53,6,0,0,3.92,0
10/28/19,Enabled,[cuenta digital banco santander],cuenta-digital_brand,Cuenta_Digital_brand_exa,MXN,Low search volume,Approved,,,0,0,0,0,0,0,0,0
11/25/19,Enabled,[cuenta digital banco santander],cuenta-digital_brand,Cuenta_Digital_brand_exa,MXN,Low search volume,Approved,,,0,0,0,0,0,0,0,0
12/2/19,Enabled,[cuenta digital banco santander],cuenta-digital_brand,Cuenta_Digital_brand_exa,MXN,Low search volume,Approved,,,0,0,0,0,0,0,0,0
12/16/19,Enabled,[cuenta digital banco santander],cuenta-digital_brand,Cuenta_Digital_brand_exa,MXN,Low search volume,Approved,,,0,0,0,0,0,0,0,0
12/23/19,Enabled,[cuenta digital banco santander],cuenta-digital_brand,Cuenta_Digital_brand_exa,MXN,Low search volume,Approved,,,0,0,0,0,0,0,0,0
12/30/19,Enabled,[cuenta digital banco santander],cuenta-digital_brand,Cuenta_Digital_brand_exa,MXN,Low search volume,Approved,,,0,0,0,0,0,0,0,0
1/13/20,Enabled,[cuenta digital banco santander],cuenta-digital_brand,Cuenta_Digital_brand_exa,MXN,Low search volume,Approved,,,0,0,0,0,0,0,0,0
11/11/19,Enabled,[cuenta superdigital santander],cuenta-digital_brand,Cuenta_Digital_brand_exa,MXN,Eligible,Approved,,,0,0,0,0,0,0,0,0
11/18/19,Enabled,[cuenta superdigital santander],cuenta-digital_brand,Cuenta_Digital_brand_exa,MXN,Eligible,Approved,,,2,0,0,0,0,1,0,0
12/16/19,Enabled,[cuenta superdigital santander],cuenta-digital_brand,Cuenta_Digital_brand_exa,MXN,Eligible,Approved,,,7,0.1429,1.36,1,0,0,1.36,0
12/23/19,Enabled,[cuenta superdigital santander],cuenta-digital_brand,Cuenta_Digital_brand_exa,MXN,Eligible,Approved,,,0,0,0,0,0,0,0,0
10/28/19,Enabled, +primera +cuenta +bancaria,cuenta-digital_brand,primera_cuenta_bro,MXN,Eligible,Approved,,,0,0,0,0,0,0,0,0
12/2/19,Enabled, +primera +cuenta +bancaria,cuenta-digital_brand,primera_cuenta_bro,MXN,Eligible,Approved,,,15,0.0667,8.01,1,0,0,8.01,0
12/23/19,Enabled, +primera +cuenta +bancaria,cuenta-digital_brand,primera_cuenta_bro,MXN,Eligible,Approved,,,7,0,0,0,0,0,0,0
12/30/19,Enabled, +primera +cuenta +bancaria,cuenta-digital_brand,primera_cuenta_bro,MXN,Eligible,Approved,,,8,0,0,0,0,0,0,0
1/6/20,Enabled, +primera +cuenta +bancaria,cuenta-digital_brand,primera_cuenta_bro,MXN,Eligible,Approved,,,1,0,0,0,0,0,0,0
1/13/20,Enabled, +primera +cuenta +bancaria,cuenta-digital_brand,primera_cuenta_bro,MXN,Eligible,Approved,,,7,0,0,0,0,0,0,0
11/4/19,Enabled,[cuenta bancaria digital],cuenta-digital_brand,Cuenta_Digital_brand_exa,MXN,Eligible,Approved,,,0,0,0,0,0,0,0,0
12/2/19,Enabled,[cuenta bancaria digital],cuenta-digital_brand,Cuenta_Digital_brand_exa,MXN,Eligible,Approved,,,28,0.2857,262.24,8,0,0,32.78,0
12/9/19,Enabled,[cuenta bancaria digital],cuenta-digital_brand,Cuenta_Digital_brand_exa,MXN,Eligible,Approved,,,11,0.1818,12.35,2,3.5,7,6.18,1.76
12/23/19,Enabled,[cuenta bancaria digital],cuenta-digital_brand,Cuenta_Digital_brand_exa,MXN,Eligible,Approved,,,6,0,0,0,0,0,0,0
12/30/19,Enabled,[cuenta bancaria digital],cuenta-digital_brand,Cuenta_Digital_brand_exa,MXN,Eligible,Approved,,,8,0.25,7.27,2,0,0,3.64,0
1/6/20,Enabled,[cuenta bancaria digital],cuenta-digital_brand,Cuenta_Digital_brand_exa,MXN,Eligible,Approved,,,11,0,0,0,0,0,0,0
1/13/20,Enabled,[cuenta bancaria digital],cuenta-digital_brand,Cuenta_Digital_brand_exa,MXN,Eligible,Approved,,,4,0,0,0,0,0,0,0
10/28/19,Enabled,[cuenta digital],cuenta-digital_brand,Cuenta_Digital_brand_exa,MXN,Eligible,Approved,,,0,0,0,0,0,0,0,0
11/18/19,Enabled,[cuenta digital],cuenta-digital_brand,Cuenta_Digital_brand_exa,MXN,Eligible,Approved,,,169,0.1302,289.45,22,0.5455,12,13.16,24.12
11/25/19,Enabled,[cuenta digital],cuenta-digital_brand,Cuenta_Digital_brand_exa,MXN,Eligible,Approved,,,25,0.2,54.16,5,0,0,10.83,0
12/2/19,Enabled,[cuenta digital],cuenta-digital_brand,Cuenta_Digital_brand_exa,MXN,Eligible,Approved,,,193,0.1969,455.43,38,0.0526,2,11.99,227.72
12/9/19,Enabled,[cuenta digital],cuenta-digital_brand,Cuenta_Digital_brand_exa,MXN,Eligible,Approved,,,84,0.119,172.71,10,0,0,17.27,0
12/16/19,Enabled,[cuenta digital],cuenta-digital_brand,Cuenta_Digital_brand_exa,MXN,Eligible,Approved,,,54,0.0741,21.24,4,0,0,5.31,0
1/13/20,Enabled,[cuenta digital],cuenta-digital_brand,Cuenta_Digital_brand_exa,MXN,Eligible,Approved,,,111,0.0811,24.96,9,0,0,2.77,0
10/28/19,Enabled,[cuenta bancaria digital],cuenta-digital_brand,Cuenta_Digital_brand_exa,MXN,Eligible,Approved,,,0,0,0,0,0,0,0,0
11/11/19,Enabled,[cuenta bancaria digital],cuenta-digital_brand,Cuenta_Digital_brand_exa,MXN,Eligible,Approved,,,0,0,0,0,0,0,0,0
11/18/19,Enabled,[cuenta bancaria digital],cuenta-digital_brand,Cuenta_Digital_brand_exa,MXN,Eligible,Approved,,,29,0.1724,423.4,5,0.2,1,84.68,423.4
11/25/19,Enabled,[cuenta bancaria digital],cuenta-digital_brand,Cuenta_Digital_brand_exa,MXN,Eligible,Approved,,,3,0.3333,5.03,1,0,0,5.03,0
12/16/19,Enabled,[cuenta bancaria digital],cuenta-digital_brand,Cuenta_Digital_brand_exa,MXN,Eligible,Approved,,,8,0.25,11.6,2,2,4,5.8,2.9
11/11/19,Enabled, +cuenta +bancaria +digital,cuenta-digital_brand,Cuenta_Digital_brand_bro,MXN,Eligible,Approved,,,0,0,0,0,0,0,0,0
11/18/19,Enabled, +cuenta +bancaria +digital,cuenta-digital_brand,Cuenta_Digital_brand_bro,MXN,Eligible,Approved,,,60,0.2167,525.28,13,0,0,40.41,0
11/25/19,Enabled, +cuenta +bancaria para jovenes,cuenta-digital_brand,Cuenta_bancaria_joven_bro,MXN,Eligible,Approved,,,28,0.1071,16.93,3,0,0,5.64,0
12/2/19,Enabled, +cuenta +bancaria para jovenes,cuenta-digital_brand,Cuenta_bancaria_joven_bro,MXN,Eligible,Approved,,,85,0.2353,180.3,20,0.1,2,9.02,90.15
12/9/19,Enabled, +cuenta +bancaria para jovenes,cuenta-digital_brand,Cuenta_bancaria_joven_bro,MXN,Eligible,Approved,,,102,0.0784,71.75,8,0,0,8.97,0
12/23/19,Enabled, +cuenta +bancaria para jovenes,cuenta-digital_brand,Cuenta_bancaria_joven_bro,MXN,Eligible,Approved,,,30,0.2,22.77,6,0.5,3,3.8,7.59
12/30/19,Enabled, +cuenta +bancaria para jovenes,cuenta-digital_brand,Cuenta_bancaria_joven_bro,MXN,Eligible,Approved,,,24,0.125,8.62,3,0,0,2.87,0
1/13/20,Enabled, +cuenta +bancaria para jovenes,cuenta-digital_brand,Cuenta_bancaria_joven_bro,MXN,Eligible,Approved,,,42,0.0714,11.94,3,0,0,3.98,0
10/28/19,Enabled, +cuenta +superdigital,cuenta-digital_brand,Cuenta_Digital_brand_bro,MXN,Eligible,Approved,,,0,0,0,0,0,0,0,0
11/11/19,Enabled, +cuenta +superdigital,cuenta-digital_brand,Cuenta_Digital_brand_bro,MXN,Eligible,Approved,,,0,0,0,0,0,0,0,0
11/18/19,Enabled, +cuenta +superdigital,cuenta-digital_brand,Cuenta_Digital_brand_bro,MXN,Eligible,Approved,,,19,0.1579,11.61,3,0,0,3.87,0
12/2/19,Enabled, +cuenta +superdigital,cuenta-digital_brand,Cuenta_Digital_brand_bro,MXN,Eligible,Approved,,,13,0.3846,13.5,5,0,0,2.7,0
12/16/19,Enabled, +cuenta +superdigital,cuenta-digital_brand,Cuenta_Digital_brand_bro,MXN,Eligible,Approved,,,4,0.25,6.81,1,0,0,6.81,0
1/6/20,Enabled, +cuenta +superdigital,cuenta-digital_brand,Cuenta_Digital_brand_bro,MXN,Eligible,Approved,,,3,0,0,0,0,0,0,0
1/13/20,Enabled, +cuenta +superdigital,cuenta-digital_brand,Cuenta_Digital_brand_bro,MXN,Eligible,Approved,,,3,0.3333,2.44,1,0,0,2.44,0
10/28/19,Enabled,[como obtener cuenta bancaria],cuenta-digital_brand,primera_cuenta_exa,MXN,Eligible,Approved,,,0,0,0,0,0,0,0,0
11/4/19,Enabled,[como obtener cuenta bancaria],cuenta-digital_brand,primera_cuenta_exa,MXN,Eligible,Approved,,,0,0,0,0,0,0,0,0
11/11/19,Enabled,[como obtener cuenta bancaria],cuenta-digital_brand,primera_cuenta_exa,MXN,Eligible,Approved,,,0,0,0,0,0,0,0,0
11/18/19,Enabled,[como obtener cuenta bancaria],cuenta-digital_brand,primera_cuenta_exa,MXN,Eligible,Approved,,,4,0.25,36.17,1,0,0,36.17,0
12/16/19,Enabled,[como obtener cuenta bancaria],cuenta-digital_brand,primera_cuenta_exa,MXN,Eligible,Approved,,,1,1,3.87,1,0,0,3.87,0
12/23/19,Enabled,[como obtener cuenta bancaria],cuenta-digital_brand,primera_cuenta_exa,MXN,Eligible,Approved,,,2,0,0,0,0,0,0,0
12/30/19,Enabled,[como obtener cuenta bancaria],cuenta-digital_brand,primera_cuenta_exa,MXN,Eligible,Approved,,,8,0,0,0,0,0,0,0
11/4/19,Enabled, +cuenta +joven banco santander,cuenta-digital_brand,Cuenta_bancaria_joven_bro,MXN,Eligible,Approved,,,0,0,0,0,0,0,0,0
11/11/19,Enabled, +cuenta +joven banco santander,cuenta-digital_brand,Cuenta_bancaria_joven_bro,MXN,Eligible,Approved,,,0,0,0,0,0,0,0,0
11/25/19,Enabled, +cuenta +joven banco santander,cuenta-digital_brand,Cuenta_bancaria_joven_bro,MXN,Eligible,Approved,,,3,0,0,0,0,0,0,0
12/9/19,Enabled, +cuenta +joven banco santander,cuenta-digital_brand,Cuenta_bancaria_joven_bro,MXN,Eligible,Approved,,,14,0.1429,14.9,2,0,0,7.45,0
12/16/19,Enabled, +cuenta +joven banco santander,cuenta-digital_brand,Cuenta_bancaria_joven_bro,MXN,Eligible,Approved,,,6,0,0,0,0,0,0,0
12/23/19,Enabled, +cuenta +joven banco santander,cuenta-digital_brand,Cuenta_bancaria_joven_bro,MXN,Eligible,Approved,,,4,0,0,0,0,0,0,0
12/30/19,Enabled, +cuenta +joven banco santander,cuenta-digital_brand,Cuenta_bancaria_joven_bro,MXN,Eligible,Approved,,,2,0.5,1.86,1,0,0,1.86,0
1/13/20,Enabled, +cuenta +joven banco santander,cuenta-digital_brand,Cuenta_bancaria_joven_bro,MXN,Eligible,Approved,,,2,1,4.23,2,0,0,2.12,0
10/28/19,Enabled,[cuenta joven],cuenta-digital_brand,Cuenta_bancaria_joven_exa,MXN,Eligible,Approved,,,0,0,0,0,0,0,0,0
11/4/19,Enabled,[cuenta joven],cuenta-digital_brand,Cuenta_bancaria_joven_exa,MXN,Eligible,Approved,,,0,0,0,0,0,0,0,0
11/25/19,Enabled,[cuenta joven],cuenta-digital_brand,Cuenta_bancaria_joven_exa,MXN,Eligible,Approved,,,0,0,0,0,0,0,0,0
12/2/19,Enabled,[cuenta joven],cuenta-digital_brand,Cuenta_bancaria_joven_exa,MXN,Eligible,Approved,,,0,0,0,0,0,0,0,0
12/30/19,Enabled,[cuenta joven],cuenta-digital_brand,Cuenta_bancaria_joven_exa,MXN,Eligible,Approved,,,0,0,0,0,0,0,0,0
1/6/20,Enabled,[cuenta joven],cuenta-digital_brand,Cuenta_bancaria_joven_exa,MXN,Eligible,Approved,,,1,0,0,0,0,0,0,0
12/9/19,Enabled,[cuenta joven],cuenta-digital_brand,Cuenta_bancaria_joven_exa,MXN,Eligible,Approved,,,0,0,0,0,0,0,0,0
12/16/19,Enabled,[cuenta joven],cuenta-digital_brand,Cuenta_bancaria_joven_exa,MXN,Eligible,Approved,,,1,0,0,0,0,0,0,0
12/23/19,Enabled,[cuenta joven],cuenta-digital_brand,Cuenta_bancaria_joven_exa,MXN,Eligible,Approved,,,0,0,0,0,0,0,0,0
1/13/20,Enabled,[cuenta joven],cuenta-digital_brand,Cuenta_bancaria_joven_exa,MXN,Eligible,Approved,,,1,0,0,0,0,0,0,0
11/11/19,Enabled,[cuenta joven santander],cuenta-digital_brand,Cuenta_bancaria_joven_exa,MXN,Eligible,Approved,,,0,0,0,0,0,0,0,0
11/18/19,Enabled,[cuenta joven santander],cuenta-digital_brand,Cuenta_bancaria_joven_exa,MXN,Eligible,Approved,,,3,0.3333,1.05,1,0,0,1.05,0
11/25/19,Enabled,[cuenta joven santander],cuenta-digital_brand,Cuenta_bancaria_joven_exa,MXN,Eligible,Approved,,,2,0,0,0,0,0,0,0
12/9/19,Enabled,[cuenta joven santander],cuenta-digital_brand,Cuenta_bancaria_joven_exa,MXN,Eligible,Approved,,,2,0,0,0,0,0,0,0
12/16/19,Enabled,[cuenta joven santander],cuenta-digital_brand,Cuenta_bancaria_joven_exa,MXN,Eligible,Approved,,,4,0.25,2.99,1,0,0,2.99,0
12/23/19,Enabled,[cuenta joven santander],cuenta-digital_brand,Cuenta_bancaria_joven_exa,MXN,Eligible,Approved,,,1,0,0,0,0,0,0,0
1/13/20,Enabled,[cuenta joven santander],cuenta-digital_brand,Cuenta_bancaria_joven_exa,MXN,Eligible,Approved,,,1,0,0,0,0,0,0,0
10/28/19,Enabled,[como tener cuenta bancaria],cuenta-digital_brand,primera_cuenta_exa,MXN,Eligible,Approved,,,0,0,0,0,0,0,0,0
11/11/19,Enabled,[como tener cuenta bancaria],cuenta-digital_brand,primera_cuenta_exa,MXN,Eligible,Approved,,,0,0,0,0,0,0,0,0
11/25/19,Enabled,[como tener cuenta bancaria],cuenta-digital_brand,primera_cuenta_exa,MXN,Eligible,Approved,,,1,0,0,0,0,0,0,0
1/6/20,Enabled,[como tener cuenta bancaria],cuenta-digital_brand,primera_cuenta_exa,MXN,Eligible,Approved,,,14,0,0,0,0,0,0,0
10/28/19,Enabled,[como sacar cuenta bancaria],cuenta-digital_brand,primera_cuenta_exa,MXN,Eligible,Approved,,,0,0,0,0,0,0,0,0
11/4/19,Enabled,[como sacar cuenta bancaria],cuenta-digital_brand,primera_cuenta_exa,MXN,Eligible,Approved,,,0,0,0,0,0,0,0,0
11/25/19,Enabled,[como sacar cuenta bancaria],cuenta-digital_brand,primera_cuenta_exa,MXN,Eligible,Approved,,,7,0.1429,3.51,1,0,0,3.51,0
12/2/19,Enabled,[como sacar cuenta bancaria],cuenta-digital_brand,primera_cuenta_exa,MXN,Eligible,Approved,,,51,0.098,87.81,5,0,0,17.56,0
12/16/19,Enabled,[como sacar cuenta bancaria],cuenta-digital_brand,primera_cuenta_exa,MXN,Eligible,Approved,,,6,0,0,0,0,0,0,0
12/23/19,Enabled,[como sacar cuenta bancaria],cuenta-digital_brand,primera_cuenta_exa,MXN,Eligible,Approved,,,17,0.1176,7.81,2,0,0,3.91,0
12/30/19,Enabled,[como sacar cuenta bancaria],cuenta-digital_brand,primera_cuenta_exa,MXN,Eligible,Approved,,,30,0,0,0,0,0,0,0
1/6/20,Enabled,[como sacar cuenta bancaria],cuenta-digital_brand,primera_cuenta_exa,MXN,Eligible,Approved,,,45,0.0667,8.56,3,0,0,2.85,0
1/13/20,Enabled,[como sacar cuenta bancaria],cuenta-digital_brand,primera_cuenta_exa,MXN,Eligible,Approved,,,44,0.0227,1.44,1,0,0,1.44,0
11/4/19,Enabled, +cuenta bancaria +superdigital,cuenta-digital_brand,Cuenta_Digital_brand_bro,MXN,Low search volume,Approved,,,0,0,0,0,0,0,0,0
11/18/19,Enabled, +cuenta bancaria +superdigital,cuenta-digital_brand,Cuenta_Digital_brand_bro,MXN,Low search volume,Approved,,,0,0,0,0,0,0,0,0
12/2/19,Enabled, +cuenta bancaria +superdigital,cuenta-digital_brand,Cuenta_Digital_brand_bro,MXN,Low search volume,Approved,,,0,0,0,0,0,0,0,0
12/9/19,Enabled, +cuenta bancaria +superdigital,cuenta-digital_brand,Cuenta_Digital_brand_bro,MXN,Low search volume,Approved,,,0,0,0,0,0,0,0,0
12/16/19,Enabled, +cuenta bancaria +superdigital,cuenta-digital_brand,Cuenta_Digital_brand_bro,MXN,Low search volume,Approved,,,0,0,0,0,0,0,0,0
12/30/19,Enabled, +cuenta bancaria +superdigital,cuenta-digital_brand,Cuenta_Digital_brand_bro,MXN,Low search volume,Approved,,,0,0,0,0,0,0,0,0
10/28/19,Enabled, +cuenta +juvenil santander,cuenta-digital_brand,Cuenta_bancaria_joven_bro,MXN,Low search volume,Approved,,,0,0,0,0,0,0,0,0
11/4/19,Enabled, +cuenta +juvenil santander,cuenta-digital_brand,Cuenta_bancaria_joven_bro,MXN,Low search volume,Approved,,,0,0,0,0,0,0,0,0
12/9/19,Enabled, +cuenta +juvenil santander,cuenta-digital_brand,Cuenta_bancaria_joven_bro,MXN,Low search volume,Approved,,,0,0,0,0,0,0,0,0
12/16/19,Enabled, +cuenta +juvenil santander,cuenta-digital_brand,Cuenta_bancaria_joven_bro,MXN,Low search volume,Approved,,,0,0,0,0,0,0,0,0
1/6/20,Enabled, +cuenta +juvenil santander,cuenta-digital_brand,Cuenta_bancaria_joven_bro,MXN,Low search volume,Approved,,,0,0,0,0,0,0,0,0
1/13/20,Enabled, +cuenta +juvenil santander,cuenta-digital_brand,Cuenta_bancaria_joven_bro,MXN,Low search volume,Approved,,,0,0,0,0,0,0,0,0
10/28/19,Enabled,[cuenta joven santander],cuenta-digital_brand,Cuenta_bancaria_joven_exa,MXN,Eligible,Approved,,,0,0,0,0,0,0,0,0
11/4/19,Enabled,[cuenta joven santander],cuenta-digital_brand,Cuenta_bancaria_joven_exa,MXN,Eligible,Approved,,,0,0,0,0,0,0,0,0
12/2/19,Enabled,[cuenta joven santander],cuenta-digital_brand,Cuenta_bancaria_joven_exa,MXN,Eligible,Approved,,,2,0.5,1.6,1,0,0,1.6,0
12/30/19,Enabled,[cuenta joven santander],cuenta-digital_brand,Cuenta_bancaria_joven_exa,MXN,Eligible,Approved,,,1,0,0,0,0,0,0,0
1/6/20,Enabled,[cuenta joven santander],cuenta-digital_brand,Cuenta_bancaria_joven_exa,MXN,Eligible,Approved,,,4,0,0,0,0,0,0,0
11/4/19,Enabled,super cuenta digital santander,cuenta-digital_brand,Cuenta_Digital_brand_bro,MXN,Eligible,Approved,,,0,0,0,0,0,0,0,0
11/11/19,Enabled,super cuenta digital santander,cuenta-digital_brand,Cuenta_Digital_brand_bro,MXN,Eligible,Approved,,,0,0,0,0,0,0,0,0
12/9/19,Enabled,super cuenta digital santander,cuenta-digital_brand,Cuenta_Digital_brand_bro,MXN,Eligible,Approved,,,109,0.2844,37.51,31,0.5484,17,1.21,2.21
12/23/19,Enabled,super cuenta digital santander,cuenta-digital_brand,Cuenta_Digital_brand_bro,MXN,Eligible,Approved,,,177,0.4237,61.88,75,0.3467,26,0.83,2.38
12/30/19,Enabled,super cuenta digital santander,cuenta-digital_brand,Cuenta_Digital_brand_bro,MXN,Eligible,Approved,,,156,0.4295,48.25,67,0.5373,36,0.72,1.34
1/13/20,Enabled,super cuenta digital santander,cuenta-digital_brand,Cuenta_Digital_brand_bro,MXN,Eligible,Approved,,,356,0.4579,192.32,163,0.4663,76,1.18,2.53
11/4/19,Enabled,cuenta digital santander com mx,cuenta-digital_brand,Cuenta_Digital_brand_bro,MXN,Eligible,Approved,,,0,0,0,0,0,0,0,0
11/11/19,Enabled,cuenta digital santander com mx,cuenta-digital_brand,Cuenta_Digital_brand_bro,MXN,Eligible,Approved,,,0,0,0,0,0,0,0,0
11/25/19,Enabled,cuenta digital santander com mx,cuenta-digital_brand,Cuenta_Digital_brand_bro,MXN,Eligible,Approved,,,0,0,0,0,0,0,0,0
12/23/19,Enabled,cuenta digital santander com mx,cuenta-digital_brand,Cuenta_Digital_brand_bro,MXN,Eligible,Approved,,,9,0.2222,3.52,2,0,0,1.76,0
11/4/19,Enabled,[cuenta juvenil santander],cuenta-digital_brand,Cuenta_bancaria_joven_exa,MXN,Low search volume,Approved,,,0,0,0,0,0,0,0,0
11/11/19,Enabled,[cuenta juvenil santander],cuenta-digital_brand,Cuenta_bancaria_joven_exa,MXN,Low search volume,Approved,,,0,0,0,0,0,0,0,0
11/25/19,Enabled,[cuenta juvenil santander],cuenta-digital_brand,Cuenta_bancaria_joven_exa,MXN,Low search volume,Approved,,,0,0,0,0,0,0,0,0
12/9/19,Enabled,[cuenta juvenil santander],cuenta-digital_brand,Cuenta_bancaria_joven_exa,MXN,Low search volume,Approved,,,0,0,0,0,0,0,0,0
11/25/19,Enabled, +cuenta +bancaria +digital,cuenta-digital_brand,Cuenta_Digital_brand_bro,MXN,Eligible,Approved,,,5,0,0,0,0,0,0,0
12/9/19,Enabled, +cuenta +bancaria +digital,cuenta-digital_brand,Cuenta_Digital_brand_bro,MXN,Eligible,Approved,,,34,0.1765,84.03,6,0,0,14.01,0
12/16/19,Enabled, +cuenta +bancaria +digital,cuenta-digital_brand,Cuenta_Digital_brand_bro,MXN,Eligible,Approved,,,19,0.1053,17.89,2,3,6,8.95,2.98
12/23/19,Enabled, +cuenta +bancaria +digital,cuenta-digital_brand,Cuenta_Digital_brand_bro,MXN,Eligible,Approved,,,20,0.1,3.41,2,0,0,1.71,0
1/13/20,Enabled, +cuenta +bancaria +digital,cuenta-digital_brand,Cuenta_Digital_brand_bro,MXN,Eligible,Approved,,,20,0.2,6.78,4,0,0,1.7,0
10/28/19,Enabled, +cuenta +digital santander,cuenta-digital_brand,Cuenta_Digital_brand_bro,MXN,Eligible,Approved,,,0,0,0,0,0,0,0,0
11/4/19,Enabled, +cuenta +digital santander,cuenta-digital_brand,Cuenta_Digital_brand_bro,MXN,Eligible,Approved,,,0,0,0,0,0,0,0,0
11/25/19,Enabled, +cuenta +digital santander,cuenta-digital_brand,Cuenta_Digital_brand_bro,MXN,Eligible,Approved,,,66,0.303,208.47,20,1.75,35,10.42,5.96
12/16/19,Enabled, +cuenta +digital santander,cuenta-digital_brand,Cuenta_Digital_brand_bro,MXN,Eligible,Approved,,,110,0.3636,68.82,40,0.4,16,1.72,4.3
12/23/19,Enabled, +cuenta +digital santander,cuenta-digital_brand,Cuenta_Digital_brand_bro,MXN,Eligible,Approved,,,81,0.3457,36.6,28,0.1071,3,1.31,12.2
12/30/19,Enabled, +cuenta +digital santander,cuenta-digital_brand,Cuenta_Digital_brand_bro,MXN,Eligible,Approved,,,73,0.3425,22.51,25,0.2,5,0.9,4.5
1/6/20,Enabled, +cuenta +digital santander,cuenta-digital_brand,Cuenta_Digital_brand_bro,MXN,Eligible,Approved,,,156,0.3077,64.01,48,0.2292,11,1.33,5.82
11/11/19,Enabled,[cuenta bancaria joven],cuenta-digital_brand,Cuenta_bancaria_joven_exa,MXN,Eligible,Approved,,,0,0,0,0,0,0,0,0
11/18/19,Enabled,[cuenta bancaria joven],cuenta-digital_brand,Cuenta_bancaria_joven_exa,MXN,Eligible,Approved,,,0,0,0,0,0,0,0,0
12/2/19,Enabled,[cuenta bancaria joven],cuenta-digital_brand,Cuenta_bancaria_joven_exa,MXN,Eligible,Approved,,,1,0,0,0,0,0,0,0
12/16/19,Enabled,[cuenta bancaria joven],cuenta-digital_brand,Cuenta_bancaria_joven_exa,MXN,Eligible,Approved,,,0,0,0,0,0,0,0,0
12/23/19,Enabled,[cuenta bancaria joven],cuenta-digital_brand,Cuenta_bancaria_joven_exa,MXN,Eligible,Approved,,,1,0,0,0,0,0,0,0
1/6/20,Enabled,[cuenta bancaria joven],cuenta-digital_brand,Cuenta_bancaria_joven_exa,MXN,Eligible,Approved,,,0,0,0,0,0,0,0,0
1/13/20,Enabled,[cuenta bancaria joven],cuenta-digital_brand,Cuenta_bancaria_joven_exa,MXN,Eligible,Approved,,,0,0,0,0,0,0,0,0
10/28/19,Enabled,[primera cuenta bancaria],cuenta-digital_brand,primera_cuenta_exa,MXN,Eligible,Approved,,,0,0,0,0,0,0,0,0
11/18/19,Enabled,[primera cuenta bancaria],cuenta-digital_brand,primera_cuenta_exa,MXN,Eligible,Approved,,,1,0,0,0,0,0,0,0
12/2/19,Enabled,[primera cuenta bancaria],cuenta-digital_brand,primera_cuenta_exa,MXN,Eligible,Approved,,,2,0,0,0,0,0,0,0
12/9/19,Enabled,[primera cuenta bancaria],cuenta-digital_brand,primera_cuenta_exa,MXN,Eligible,Approved,,,3,0,0,0,0,0,0,0
1/13/20,Enabled,[primera cuenta bancaria],cuenta-digital_brand,primera_cuenta_exa,MXN,Eligible,Approved,,,1,0,0,0,0,0,0,0
11/11/19,Enabled,cuenta super digital santander,cuenta-digital_brand,Cuenta_Digital_brand_bro,MXN,Eligible,Approved,,,0,0,0,0,0,0,0,0
11/25/19,Enabled,cuenta super digital santander,cuenta-digital_brand,Cuenta_Digital_brand_bro,MXN,Eligible,Approved,,,0,0,0,0,0,0,0,0
12/16/19,Enabled,cuenta super digital santander,cuenta-digital_brand,Cuenta_Digital_brand_bro,MXN,Eligible,Approved,,,239,0.3305,112.9,79,0.2025,16,1.43,7.06
1/6/20,Enabled,cuenta super digital santander,cuenta-digital_brand,Cuenta_Digital_brand_bro,MXN,Eligible,Approved,,,345,0.4058,146.13,140,0.4643,65,1.04,2.25
1/13/20,Enabled,cuenta super digital santander,cuenta-digital_brand,Cuenta_Digital_brand_bro,MXN,Eligible,Approved,,,316,0.4399,136.64,139,0.4029,56,0.98,2.44
12/2/19,Enabled, +cuenta bancaria joven,cuenta-digital_brand,Cuenta_bancaria_joven_bro,MXN,Eligible,Approved,,,524,0.0802,770.16,42,0,0,18.34,0
12/16/19,Enabled, +cuenta bancaria joven,cuenta-digital_brand,Cuenta_bancaria_joven_bro,MXN,Eligible,Approved,,,121,0.0661,41.18,8,0.25,2,5.15,20.59
12/23/19,Enabled, +cuenta bancaria joven,cuenta-digital_brand,Cuenta_bancaria_joven_bro,MXN,Eligible,Approved,,,77,0.1299,47.93,10,0,0,4.79,0
12/30/19,Enabled, +cuenta bancaria joven,cuenta-digital_brand,Cuenta_bancaria_joven_bro,MXN,Eligible,Approved,,,71,0.1268,27.72,9,0,0,3.08,0
1/13/20,Enabled, +cuenta bancaria joven,cuenta-digital_brand,Cuenta_bancaria_joven_bro,MXN,Eligible,Approved,,,73,0.0685,19.92,5,0,0,3.98,0
10/28/19,Enabled,super cuenta digital,cuenta-digital_brand,Cuenta_Digital_brand_bro,MXN,Eligible,Approved,,,0,0,0,0,0,0,0,0
11/11/19,Enabled,super cuenta digital,cuenta-digital_brand,Cuenta_Digital_brand_bro,MXN,Eligible,Approved,,,0,0,0,0,0,0,0,0
11/18/19,Enabled,super cuenta digital,cuenta-digital_brand,Cuenta_Digital_brand_bro,MXN,Eligible,Approved,,,0,0,0,0,0,0,0,0
11/25/19,Enabled,super cuenta digital,cuenta-digital_brand,Cuenta_Digital_brand_bro,MXN,Eligible,Approved,,,0,0,0,0,0,0,0,0
12/2/19,Enabled,super cuenta digital,cuenta-digital_brand,Cuenta_Digital_brand_bro,MXN,Eligible,Approved,,,0,0,0,0,0,0,0,0
1/6/20,Enabled,super cuenta digital,cuenta-digital_brand,Cuenta_Digital_brand_bro,MXN,Eligible,Approved,,,299,0.3712,96.2,111,0.7928,88,0.87,1.09
1/13/20,Enabled,super cuenta digital,cuenta-digital_brand,Cuenta_Digital_brand_bro,MXN,Eligible,Approved,,,326,0.4479,141.59,146,0.5685,83,0.97,1.71
11/11/19,Enabled, +cuenta +digital banco santander,cuenta-digital_brand,Cuenta_Digital_brand_bro,MXN,Low search volume,Approved,,,0,0,0,0,0,0,0,0
11/25/19,Enabled, +cuenta +digital banco santander,cuenta-digital_brand,Cuenta_Digital_brand_bro,MXN,Low search volume,Approved,,,0,0,0,0,0,0,0,0
12/9/19,Enabled, +cuenta +digital banco santander,cuenta-digital_brand,Cuenta_Digital_brand_bro,MXN,Low search volume,Approved,,,0,0,0,0,0,0,0,0
1/13/20,Enabled, +cuenta +digital banco santander,cuenta-digital_brand,Cuenta_Digital_brand_bro,MXN,Low search volume,Approved,,,22,0.2273,5.63,5,0,0,1.13,0
10/28/19,Enabled, +cuenta superdigital +santander,cuenta-digital_brand,Cuenta_Digital_brand_bro,MXN,Eligible,Approved,,,0,0,0,0,0,0,0,0
11/4/19,Enabled, +cuenta superdigital +santander,cuenta-digital_brand,Cuenta_Digital_brand_bro,MXN,Eligible,Approved,,,0,0,0,0,0,0,0,0
12/2/19,Enabled, +cuenta superdigital +santander,cuenta-digital_brand,Cuenta_Digital_brand_bro,MXN,Eligible,Approved,,,11,0.2727,18.62,3,0,0,6.21,0
1/6/20,Enabled, +cuenta superdigital +santander,cuenta-digital_brand,Cuenta_Digital_brand_bro,MXN,Eligible,Approved,,,15,0.3333,8.1,5,0.4,2,1.62,4.05
1/13/20,Enabled, +cuenta superdigital +santander,cuenta-digital_brand,Cuenta_Digital_brand_bro,MXN,Eligible,Approved,,,7,0.2857,1.14,2,1,2,0.57,0.57
11/11/19,Enabled,cuenta santander,cuenta-digital_brand,Cuenta_bancaria_joven_bro,MXN,Eligible,Approved,,,0,0,0,0,0,0,0,0
11/18/19,Enabled,cuenta santander,cuenta-digital_brand,Cuenta_bancaria_joven_bro,MXN,Eligible,Approved,,,0,0,0,0,0,0,0,0
11/25/19,Enabled,cuenta santander,cuenta-digital_brand,Cuenta_bancaria_joven_bro,MXN,Eligible,Approved,,,0,0,0,0,0,0,0,0
12/2/19,Enabled,cuenta santander,cuenta-digital_brand,Cuenta_bancaria_joven_bro,MXN,Eligible,Approved,,,0,0,0,0,0,0,0,0
12/9/19,Enabled,cuenta santander,cuenta-digital_brand,Cuenta_bancaria_joven_bro,MXN,Eligible,Approved,,,33897,0.1466,40189.93,4968,0.0274,136,8.09,295.51
12/16/19,Enabled,cuenta santander,cuenta-digital_brand,Cuenta_bancaria_joven_bro,MXN,Eligible,Approved,,,61727,0.178,42432.05,10987,0.0317,348,3.86,121.93
12/23/19,Enabled,cuenta santander,cuenta-digital_brand,Cuenta_bancaria_joven_bro,MXN,Eligible,Approved,,,38984,0.1851,20883.68,7216,0.0202,146,2.89,143.04
12/30/19,Enabled,cuenta santander,cuenta-digital_brand,Cuenta_bancaria_joven_bro,MXN,Eligible,Approved,,,37295,0.1996,17750.46,7443,0.0309,230,2.38,77.18
1/6/20,Enabled,cuenta santander,cuenta-digital_brand,Cuenta_bancaria_joven_bro,MXN,Eligible,Approved,,,60206,0.2021,28572.66,12170,0.0309,376,2.35,75.99
1/13/20,Enabled,cuenta santander,cuenta-digital_brand,Cuenta_bancaria_joven_bro,MXN,Eligible,Approved,,,58927,0.1972,29213.3,11621,0.0369,429,2.51,68.1
11/25/19,Enabled, +cuenta superdigital +santander,cuenta-digital_brand,Cuenta_Digital_brand_bro,MXN,Eligible,Approved,,,5,0.6,8.4,3,0,0,2.8,0
12/9/19,Enabled, +cuenta superdigital +santander,cuenta-digital_brand,Cuenta_Digital_brand_bro,MXN,Eligible,Approved,,,10,0,0,0,0,0,0,0
12/16/19,Enabled, +cuenta superdigital +santander,cuenta-digital_brand,Cuenta_Digital_brand_bro,MXN,Eligible,Approved,,,9,0.1111,0.36,1,0,0,0.36,0
12/23/19,Enabled, +cuenta superdigital +santander,cuenta-digital_brand,Cuenta_Digital_brand_bro,MXN,Eligible,Approved,,,13,0.3846,4.69,5,0,0,0.94,0
12/30/19,Enabled, +cuenta superdigital +santander,cuenta-digital_brand,Cuenta_Digital_brand_bro,MXN,Eligible,Approved,,,12,0.25,3.46,3,0.6667,2,1.15,1.73
10/28/19,Enabled,cuenta santander,cuenta-digital_brand,Cuenta_bancaria_joven_bro,MXN,Eligible,Approved,,,0,0,0,0,0,0,0,0
11/4/19,Enabled,cuenta santander,cuenta-digital_brand,Cuenta_bancaria_joven_bro,MXN,Eligible,Approved,,,0,0,0,0,0,0,0,0
12/23/19,Enabled,[cuenta juvenil santander],cuenta-digital_brand,Cuenta_bancaria_joven_exa,MXN,Low search volume,Approved,,,0,0,0,0,0,0,0,0
12/30/19,Enabled,[cuenta juvenil santander],cuenta-digital_brand,Cuenta_bancaria_joven_exa,MXN,Low search volume,Approved,,,0,0,0,0,0,0,0,0
1/6/20,Enabled,[cuenta juvenil santander],cuenta-digital_brand,Cuenta_bancaria_joven_exa,MXN,Low search volume,Approved,,,0,0,0,0,0,0,0,0
11/4/19,Enabled,[como tener cuenta bancaria],cuenta-digital_brand,primera_cuenta_exa,MXN,Eligible,Approved,,,0,0,0,0,0,0,0,0
11/18/19,Enabled,[como tener cuenta bancaria],cuenta-digital_brand,primera_cuenta_exa,MXN,Eligible,Approved,,,14,0.0714,9.57,1,0,0,9.57,0
12/2/19,Enabled,[como tener cuenta bancaria],cuenta-digital_brand,primera_cuenta_exa,MXN,Eligible,Approved,,,15,0.1333,78.44,2,0,0,39.22,0
12/9/19,Enabled,[como tener cuenta bancaria],cuenta-digital_brand,primera_cuenta_exa,MXN,Eligible,Approved,,,11,0.0909,11.2,1,0,0,11.2,0
12/16/19,Enabled,[como tener cuenta bancaria],cuenta-digital_brand,primera_cuenta_exa,MXN,Eligible,Approved,,,7,0,0,0,0,0,0,0
12/23/19,Enabled,[como tener cuenta bancaria],cuenta-digital_brand,primera_cuenta_exa,MXN,Eligible,Approved,,,14,0,0,0,0,0,0,0
12/30/19,Enabled,[como tener cuenta bancaria],cuenta-digital_brand,primera_cuenta_exa,MXN,Eligible,Approved,,,8,0,0,0,0,0,0,0
1/13/20,Enabled,[como tener cuenta bancaria],cuenta-digital_brand,primera_cuenta_exa,MXN,Eligible,Approved,,,10,0.1,3.85,1,0,0,3.85,0
11/11/19,Enabled,[como sacar cuenta bancaria],cuenta-digital_brand,primera_cuenta_exa,MXN,Eligible,Approved,,,0,0,0,0,0,0,0,0
11/18/19,Enabled,[como sacar cuenta bancaria],cuenta-digital_brand,primera_cuenta_exa,MXN,Eligible,Approved,,,13,0.5385,43.21,7,0,0,6.17,0
12/9/19,Enabled,[como sacar cuenta bancaria],cuenta-digital_brand,primera_cuenta_exa,MXN,Eligible,Approved,,,34,0.2647,250.89,9,0.2222,2,27.88,125.45
10/28/19,Enabled, +cuenta bancaria +superdigital,cuenta-digital_brand,Cuenta_Digital_brand_bro,MXN,Low search volume,Approved,,,0,0,0,0,0,0,0,0
11/11/19,Enabled, +cuenta bancaria +superdigital,cuenta-digital_brand,Cuenta_Digital_brand_bro,MXN,Low search volume,Approved,,,0,0,0,0,0,0,0,0
11/25/19,Enabled, +cuenta bancaria +superdigital,cuenta-digital_brand,Cuenta_Digital_brand_bro,MXN,Low search volume,Approved,,,0,0,0,0,0,0,0,0
12/23/19,Enabled, +cuenta bancaria +superdigital,cuenta-digital_brand,Cuenta_Digital_brand_bro,MXN,Low search volume,Approved,,,0,0,0,0,0,0,0,0
1/6/20,Enabled, +cuenta bancaria +superdigital,cuenta-digital_brand,Cuenta_Digital_brand_bro,MXN,Low search volume,Approved,,,0,0,0,0,0,0,0,0
1/13/20,Enabled, +cuenta bancaria +superdigital,cuenta-digital_brand,Cuenta_Digital_brand_bro,MXN,Low search volume,Approved,,,0,0,0,0,0,0,0,0
11/11/19,Enabled, +cuenta +juvenil santander,cuenta-digital_brand,Cuenta_bancaria_joven_bro,MXN,Low search volume,Approved,,,0,0,0,0,0,0,0,0
11/18/19,Enabled, +cuenta +juvenil santander,cuenta-digital_brand,Cuenta_bancaria_joven_bro,MXN,Low search volume,Approved,,,0,0,0,0,0,0,0,0
11/25/19,Enabled, +cuenta +juvenil santander,cuenta-digital_brand,Cuenta_bancaria_joven_bro,MXN,Low search volume,Approved,,,0,0,0,0,0,0,0,0
12/2/19,Enabled, +cuenta +juvenil santander,cuenta-digital_brand,Cuenta_bancaria_joven_bro,MXN,Low search volume,Approved,,,0,0,0,0,0,0,0,0
12/23/19,Enabled, +cuenta +juvenil santander,cuenta-digital_brand,Cuenta_bancaria_joven_bro,MXN,Low search volume,Approved,,,0,0,0,0,0,0,0,0
12/30/19,Enabled, +cuenta +juvenil santander,cuenta-digital_brand,Cuenta_bancaria_joven_bro,MXN,Low search volume,Approved,,,0,0,0,0,0,0,0,0